{
    "nb_parameters": 1741224,
    "time_elapsed_s": 42501.31,
    "hparams": {
        "lr": 0.001,
        "batch_size": 1,
        "nb_epochs": 200
    },
    "final_train_loss": 0.004543751680188316,
    "final_val_loss_mse": 0.007519862429471686,
    "final_val_loss_l2re": 0.08355737213045358,
    "best_val_l2re": 0.08341434847563506
}