{
    "checkpoint_epoch": 190,
    "surf_l2re": 0.08416074257344007,
    "vol_l2re": 0.09272686488926411,
    "val_loss": 0.04294597198255361,
    "paper_baseline": {
        "surf_l2re": 0.0745,
        "vol_l2re": 0.0207
    },
    "per_sample": {
        "surf_l2re": [
            0.058674558997154236,
            0.0637831762433052,
            0.08783739805221558,
            0.09238366037607193,
            0.04545814171433449,
            0.05151298642158508,
            0.04483538866043091,
            0.04787438362836838,
            0.056060194969177246,
            0.13358615338802338,
            0.06834744662046432,
            0.04896743595600128,
            0.11186783015727997,
            0.10833201557397842,
            0.06803660839796066,
            0.034738775342702866,
            0.09608017653226852,
            0.06370622664690018,
            0.1143215075135231,
            0.07283098995685577,
            0.16896969079971313,
            0.05741942301392555,
            0.044942498207092285,
            0.16744111478328705,
            0.12403342127799988,
            0.07673255354166031,
            0.0825975313782692,
            0.09024873375892639,
            0.047872576862573624,
            0.13043440878391266,
            0.22153203189373016,
            0.08853209763765335,
            0.14983005821704865,
            0.060293059796094894,
            0.08493725955486298,
            0.06463972479104996,
            0.0553397573530674,
            0.09921573102474213,
            0.0634508728981018,
            0.07037680596113205,
            0.06049234792590141,
            0.09346097707748413,
            0.07913748919963837,
            0.07549905776977539,
            0.05621049180626869,
            0.08126130700111389,
            0.09723825007677078,
            0.09096444398164749,
            0.1383015215396881,
            0.061841823160648346,
            0.05900100991129875,
            0.10842105746269226,
            0.1462060511112213,
            0.111200250685215,
            0.051364779472351074,
            0.0870085209608078,
            0.08141820132732391,
            0.0836554765701294,
            0.0637991800904274,
            0.08393500745296478,
            0.06396358460187912,
            0.07761042565107346,
            0.07856933027505875,
            0.06862989813089371,
            0.06849080324172974,
            0.05425511673092842,
            0.06282135099172592,
            0.09668278694152832,
            0.0899200513958931,
            0.08142197132110596,
            0.05624324083328247,
            0.07664699107408524,
            0.044870469719171524,
            0.12021335959434509,
            0.08732679486274719,
            0.04933013767004013,
            0.0771930143237114,
            0.06218656152486801,
            0.11767353862524033,
            0.05234047397971153,
            0.11705021560192108,
            0.12241671979427338,
            0.09436449408531189,
            0.06453981250524521,
            0.14370030164718628,
            0.07547222077846527,
            0.053400613367557526,
            0.1122235357761383,
            0.09979689121246338,
            0.06587142497301102,
            0.13761518895626068,
            0.09309787303209305,
            0.09817027300596237,
            0.07745890319347382,
            0.08283469825983047,
            0.06189417466521263,
            0.06603957712650299,
            0.07628361880779266,
            0.06545248627662659,
            0.09350968152284622
        ],
        "vol_l2re": [
            0.05199328437447548,
            0.0610005185008049,
            0.07600349187850952,
            0.10424263030290604,
            0.0684848502278328,
            0.10386593639850616,
            0.06654060631990433,
            0.08562268316745758,
            0.07269290834665298,
            0.09106441587209702,
            0.09283287078142166,
            0.06967154890298843,
            0.08986009657382965,
            0.08043694496154785,
            0.07401971518993378,
            0.058816276490688324,
            0.10625769942998886,
            0.08254888653755188,
            0.08222424983978271,
            0.06583444774150848,
            0.09802186489105225,
            0.08059071749448776,
            0.07650972157716751,
            0.08400202542543411,
            0.08726929128170013,
            0.14094865322113037,
            0.08504331111907959,
            0.1309623271226883,
            0.0720064640045166,
            0.11160532385110855,
            0.18115484714508057,
            0.08966376632452011,
            0.19453111290931702,
            0.07122012227773666,
            0.09610264003276825,
            0.19316501915454865,
            0.09089269489049911,
            0.08756143599748611,
            0.06316059082746506,
            0.19672994315624237,
            0.09253042191267014,
            0.0936821922659874,
            0.05842794477939606,
            0.0786520317196846,
            0.06896939128637314,
            0.10403427481651306,
            0.10314692556858063,
            0.0706188902258873,
            0.08004330098628998,
            0.12189608067274094,
            0.06208966672420502,
            0.06913885474205017,
            0.11235283315181732,
            0.11843148618936539,
            0.11555265635251999,
            0.0917636901140213,
            0.17736345529556274,
            0.20579156279563904,
            0.06115072965621948,
            0.06874087452888489,
            0.068232461810112,
            0.0756327211856842,
            0.10595930367708206,
            0.0647464245557785,
            0.2083112597465515,
            0.06922589242458344,
            0.071586474776268,
            0.06674845516681671,
            0.0802646055817604,
            0.06989646703004837,
            0.07850109785795212,
            0.08787459135055542,
            0.06039034575223923,
            0.2742611765861511,
            0.09806163609027863,
            0.06015351787209511,
            0.06954912096261978,
            0.06561175733804703,
            0.08356010913848877,
            0.08591139316558838,
            0.09679491072893143,
            0.09915031492710114,
            0.07352299988269806,
            0.09266909956932068,
            0.12212439626455307,
            0.07824641466140747,
            0.06897523254156113,
            0.08478184789419174,
            0.08862830698490143,
            0.0719715803861618,
            0.09171391278505325,
            0.07560643553733826,
            0.10228926688432693,
            0.07143645733594894,
            0.07009939104318619,
            0.0748455747961998,
            0.08639594912528992,
            0.06553863734006882,
            0.06589285284280777,
            0.07799089699983597
        ]
    }
}